product_name,semantic,count
1L裝 發泡煉石 陶粒 鋪底石 鋪面石 多肉介質 缽底石 陶粒水耕 礫耕 矽石 蘭花介質,Negative,4
1L裝 發泡煉石 陶粒 鋪底石 鋪面石 多肉介質 缽底石 陶粒水耕 礫耕 矽石 蘭花介質,Positive,2
24H出貨上好生醫 醫療口罩 成人醫療口罩 50入/盒 滿版口罩 耳帶同色 兒童醫療口罩  莫蘭迪色系 平面醫療口罩,Negative,4
24H出貨上好生醫 醫療口罩 成人醫療口罩 50入/盒 滿版口罩 耳帶同色 兒童醫療口罩  莫蘭迪色系 平面醫療口罩,Positive,2
24H現貨出貨附發票8件88折生日眼鏡 生日道具 慶生道具 生日快樂眼鏡 生日眼鏡道具 生日裝飾 生日髮箍 生日帽,Negative,3
24H現貨出貨附發票8件88折生日眼鏡 生日道具 慶生道具 生日快樂眼鏡 生日眼鏡道具 生日裝飾 生日髮箍 生日帽,Positive,3
3M 亮彩舒適型止滑/耐磨手套---(S/M/L/XL-5色均有現貨),Positive,4
3M 亮彩舒適型止滑/耐磨手套---(S/M/L/XL-5色均有現貨),Negative,2
3M隔音耳塞台灣現貨 24H出貨 隔音耳塞 耳塞 3M 防噪音 睡眠 游泳 降噪 靜音 入耳式耳塞,Negative,4
3M隔音耳塞台灣現貨 24H出貨 隔音耳塞 耳塞 3M 防噪音 睡眠 游泳 降噪 靜音 入耳式耳塞,Positive,2
99享9折小亮點釹鐵硼強力磁鐵 超強磁鐵 強磁 圓型 方型 超強力吸鐵 DIY 文具教具科學實驗 N35 稀土,Positive,3
99享9折小亮點釹鐵硼強力磁鐵 超強磁鐵 強磁 圓型 方型 超強力吸鐵 DIY 文具教具科學實驗 N35 稀土,Negative,3
Blossom&R  現貨 毛毛蟲拖鞋 米其林拖鞋 麵包拖鞋 居家情侶拖鞋 防滑拖鞋 ins風 厚底防臭拖鞋 Q彈拖鞋,Negative,5
Blossom&R  現貨 毛毛蟲拖鞋 米其林拖鞋 麵包拖鞋 居家情侶拖鞋 防滑拖鞋 ins風 厚底防臭拖鞋 Q彈拖鞋,Positive,1
CC♣10周年‧目錄♣OPP自黏袋多尺寸100入超透明自黏袋OPP外包袋透明包裝袋服飾袋黛渼 買10送1,Negative,4
CC♣10周年‧目錄♣OPP自黏袋多尺寸100入超透明自黏袋OPP外包袋透明包裝袋服飾袋黛渼 買10送1,Positive,2
CC目錄♣台灣製快速出貨破壞袋100入-破壞袋.快遞袋.寄件袋-白色-粉紅色-藍色-紫色-綠色-黑色-蒂芬妮色黛渼 ,Negative,5
CC目錄♣台灣製快速出貨破壞袋100入-破壞袋.快遞袋.寄件袋-白色-粉紅色-藍色-紫色-綠色-黑色-蒂芬妮色黛渼 ,Positive,1
JOJO現貨⚡新款到♡個性主題霧面貼紙包 48張以上 防水貼紙 霧面貼紙 好撕貼紙 裝飾貼紙 手帳素材 不留痕 可愛貼紙,Negative,4
JOJO現貨⚡新款到♡個性主題霧面貼紙包 48張以上 防水貼紙 霧面貼紙 好撕貼紙 裝飾貼紙 手帳素材 不留痕 可愛貼紙,Positive,2
MOLDEX 美國超靜音耳塞 全規格公司貨 - 6800 6870 6604 6820 6630 適合工作睡眠,Negative,4
MOLDEX 美國超靜音耳塞 全規格公司貨 - 6800 6870 6604 6820 6630 適合工作睡眠,Positive,2
SGS認證304不鏽鋼保鮮盒 保鮮碗 便當盒 餐盒 飯盒 密封盒 不鏽鋼便當盒 泡麵碗 不鏽鋼碗 兒童碗 隔熱碗,Negative,5
SGS認證304不鏽鋼保鮮盒 保鮮碗 便當盒 餐盒 飯盒 密封盒 不鏽鋼便當盒 泡麵碗 不鏽鋼碗 兒童碗 隔熱碗,Positive,1
"Smart Shake,ON, MYPROTEIN  搖搖杯 健身杯 重訓 高蛋白 乳清",Negative,4
"Smart Shake,ON, MYPROTEIN  搖搖杯 健身杯 重訓 高蛋白 乳清",Positive,2
Suke.co 10入 大地色 莫蘭迪 美顏 不脫妝 V臉 顯瘦 立體口罩 3D口罩  3D立體口罩 熔噴布 防塵 口罩,Negative,4
Suke.co 10入 大地色 莫蘭迪 美顏 不脫妝 V臉 顯瘦 立體口罩 3D口罩  3D立體口罩 熔噴布 防塵 口罩,Positive,2
WINE正品第5代 台灣現貨 萬向 水龍頭 起泡器 增壓 延伸 過濾器 起波器 省水 機械臂 1080 洗漱 調節器,Negative,5
WINE正品第5代 台灣現貨 萬向 水龍頭 起泡器 增壓 延伸 過濾器 起波器 省水 機械臂 1080 洗漱 調節器,Positive,1
[♥小桃代購♥開發票] 韓國 ●Median 93% 護理牙膏 120g 麥迪安 效期最長 單筆最多60條 滿99元出貨,Negative,5
[♥小桃代購♥開發票] 韓國 ●Median 93% 護理牙膏 120g 麥迪安 效期最長 單筆最多60條 滿99元出貨,Positive,1
[台灣現貨]台灣製 背心袋 提袋 塑膠提袋 花袋 4兩 半斤 1斤 2斤 3斤 4斤 5斤 塑膠袋杯袋D208垃圾袋,Negative,3
[台灣現貨]台灣製 背心袋 提袋 塑膠提袋 花袋 4兩 半斤 1斤 2斤 3斤 4斤 5斤 塑膠袋杯袋D208垃圾袋,Positive,3
[台灣現貨]耐熱袋 台灣製造塑膠 透明塑膠袋 食物分裝袋 餐廳小吃袋 6兩/半斤/1斤/2斤/3斤/5斤D207袋子,Negative,4
[台灣現貨]耐熱袋 台灣製造塑膠 透明塑膠袋 食物分裝袋 餐廳小吃袋 6兩/半斤/1斤/2斤/3斤/5斤D207袋子,Positive,2
"[超好洗] 全店由蝦皮開立雲端電子發票 韓國過碳酸鈉  0.95公斤/包,超取上限5包/單,郵寄單筆上限20包",Negative,4
"[超好洗] 全店由蝦皮開立雲端電子發票 韓國過碳酸鈉  0.95公斤/包,超取上限5包/單,郵寄單筆上限20包",Positive,2
allmy附發票台灣現貨 Oral-B 歐樂B滿五卡送一卡贈品可選 副廠 刷頭 德國百靈EB10 EB50牙刷頭,Negative,4
allmy附發票台灣現貨 Oral-B 歐樂B滿五卡送一卡贈品可選 副廠 刷頭 德國百靈EB10 EB50牙刷頭,Positive,2
iSlippers簡約純色皮質室內拖鞋 /任選A區 [台灣犀利趴] 6雙$450,Negative,6
zmzm6202VIP售後專屬卡 鑒賞期 補差價專用,Positive,3
zmzm6202VIP售後專屬卡 鑒賞期 補差價專用,Negative,3
‍液晶畫板‍ 兒童寫字板 畫板 寫字板 兒童繪圖板 兒童電子畫板 液晶 手寫板 畫畫板 兒童塗鴨板 最新學校教具,Positive,3
‍液晶畫板‍ 兒童寫字板 畫板 寫字板 兒童繪圖板 兒童電子畫板 液晶 手寫板 畫畫板 兒童塗鴨板 最新學校教具,Negative,3
☫TIY Store☫ 牛奶棉 五股牛奶棉線 毛線 五股牛奶棉 五股,Negative,4
☫TIY Store☫ 牛奶棉 五股牛奶棉線 毛線 五股牛奶棉 五股,Positive,2
《現貨免運+發票》 高CP值！NBR 手套 紫色特厚款 Protos多倍NBR合成橡膠檢診手套,Positive,3
《現貨免運+發票》 高CP值！NBR 手套 紫色特厚款 Protos多倍NBR合成橡膠檢診手套,Negative,3
『免運』按壓中性筆 24H出貨 台灣現貨矮胖老闆A781無印風 原子筆 按壓式自動中性筆 藍筆 紅筆 黑筆 筆芯,Negative,6
七彩多肉土專為多肉開發的配方彩虹多肉土 多肉石 多肉介質 多肉土壤 多肉植物專用土 仙人掌土 山烏龜介質,Positive,3
七彩多肉土專為多肉開發的配方彩虹多肉土 多肉石 多肉介質 多肉土壤 多肉植物專用土 仙人掌土 山烏龜介質,Negative,2
七彩多肉土專為多肉開發的配方彩虹多肉土 多肉石 多肉介質 多肉土壤 多肉植物專用土 仙人掌土 山烏龜介質,no data,1
中衛 醫療口罩 (30片x1盒入) (50片x1盒入)多款可選  蝦皮直送,Negative,4
中衛 醫療口罩 (30片x1盒入) (50片x1盒入)多款可選  蝦皮直送,Positive,2
二代★真正台灣製造 全台最亮最低價《CNS國家認證》高光效LED燈泡 護眼無藍光保護家人眼睛10W 13W 16W超節能,Negative,3
二代★真正台灣製造 全台最亮最低價《CNS國家認證》高光效LED燈泡 護眼無藍光保護家人眼睛10W 13W 16W超節能,Positive,3
便捷小包 乾淨衛生 手機屏幕清潔濕巾片,Negative,6
保密印章小麥購物D063亂碼印章 個資保護 資料保護章 印章 隱私保密章 滾輪亂碼印章,Negative,3
保密印章小麥購物D063亂碼印章 個資保護 資料保護章 印章 隱私保密章 滾輪亂碼印章,Positive,3
優享權益：如商品有缺漏、破損（不含包裝盒），免費補發一次raaee,Negative,5
優享權益：如商品有缺漏、破損（不含包裝盒），免費補發一次raaee,Positive,1
免運 含電子發票 倍潔雅 柔軟舒適 清新柔感 抽取式 衛生紙 150抽 84 60 56 包/箱,Positive,3
免運 含電子發票 倍潔雅 柔軟舒適 清新柔感 抽取式 衛生紙 150抽 84 60 56 包/箱,Negative,3
免運 大份量 隔天出貨正版防水姓名貼送專屬收藏夾 迪士尼 冰雪奇緣 角落生物 波利 漫威 佩佩豬 Kitty 貼紙,Negative,4
免運 大份量 隔天出貨正版防水姓名貼送專屬收藏夾 迪士尼 冰雪奇緣 角落生物 波利 漫威 佩佩豬 Kitty 貼紙,Positive,2
免運費加厚款日式抽屜收納盒 透明收納櫃 透明抽屜 收納盒 收納櫃 收納箱 可疊加 抽屜 衣櫃收納 宿舍收納,Negative,6
全台最俗夾鏈袋 封口袋 自封袋 食品封口袋 食品夾鏈袋 透明包裝袋(100入)BC0004,Positive,4
全台最俗夾鏈袋 封口袋 自封袋 食品封口袋 食品夾鏈袋 透明包裝袋(100入)BC0004,Negative,2
全網最低價 平面醫療口罩 50入1盒 MIT莫蘭迪色系 雙鋼印 醫療防護口罩  透氣口罩 醫療口罩 台灣製醫用口罩,Negative,5
全網最低價 平面醫療口罩 50入1盒 MIT莫蘭迪色系 雙鋼印 醫療防護口罩  透氣口罩 醫療口罩 台灣製醫用口罩,Positive,1
創藝園青山盆 附托盤 控根盆 透氣盆 盆栽容器 加侖盆 多肉花盆 字母花盆 戶外花盆 大盆栽 園藝花盆 花盆 大花盆,Negative,3
創藝園青山盆 附托盤 控根盆 透氣盆 盆栽容器 加侖盆 多肉花盆 字母花盆 戶外花盆 大盆栽 園藝花盆 花盆 大花盆,Positive,3
加厚18絲尼龍網紗衣服收納 衣櫃收納 衣物收納 內衣收納 襪子收納 衣服收納箱 衣物收納袋 內衣 內褲 牛仔褲 襪子,Negative,4
加厚18絲尼龍網紗衣服收納 衣櫃收納 衣物收納 內衣收納 襪子收納 衣服收納箱 衣物收納袋 內衣 內褲 牛仔褲 襪子,Positive,2
加大款植絨衣架 下殺4元 全台cp值最高 止滑衣架 衣櫃 衣架 曬衣架 晾曬架 掛衣架 收納 衣櫥 置物 防滑,Negative,6
勿刪，不影響發貨！回購領取50折扣卷  優先發貨  專屬處理,Negative,3
勿刪，不影響發貨！回購領取50折扣卷  優先發貨  專屬處理,Positive,3
北歐餐具 歐風餐具 環保餐具 三件套餐具 304不鏽鋼 餐具 叉子 湯匙 筷子 餐刀 金屬餐具 精品餐具 葡萄牙風餐具組,Positive,4
北歐餐具 歐風餐具 環保餐具 三件套餐具 304不鏽鋼 餐具 叉子 湯匙 筷子 餐刀 金屬餐具 精品餐具 葡萄牙風餐具組,Negative,2
升級超硬款 衣櫃分格收納袋 內衣褲襪子收納盒 收納袋 分隔收納盒 衣櫥收納袋 格子收納袋 分隔收納袋 衣物收納,Negative,4
升級超硬款 衣櫃分格收納袋 內衣褲襪子收納盒 收納袋 分隔收納盒 衣櫥收納袋 格子收納袋 分隔收納袋 衣物收納,Positive,2
厚底拖鞋 超厚底防滑拖鞋 居家拖鞋 室內拖鞋 EVA拖鞋 室內拖 浴室拖鞋 防滑拖鞋 防水拖鞋 耐磨休閒拖,Negative,5
厚底拖鞋 超厚底防滑拖鞋 居家拖鞋 室內拖鞋 EVA拖鞋 室內拖 浴室拖鞋 防滑拖鞋 防水拖鞋 耐磨休閒拖,Positive,1
口罩 醫療口罩 醫用口罩 CS凱馺三層醫療口罩 小臉 滿版全彩口罩（30入）～多色可選,Negative,3
口罩 醫療口罩 醫用口罩 CS凱馺三層醫療口罩 小臉 滿版全彩口罩（30入）～多色可選,Positive,3
台灣24H出貨各款式掛勾貼片 置物架貼片 無痕貼片 子母扣 掛勾 掛鉤 無痕置物架 透明貼片 掛勾貼 無痕免釘 免釘,Negative,4
台灣24H出貨各款式掛勾貼片 置物架貼片 無痕貼片 子母扣 掛勾 掛鉤 無痕置物架 透明貼片 掛勾貼 無痕免釘 免釘,Positive,2
台灣24H出貨最低價 子母扣 掛勾 無痕貼 掛勾貼片 卡扣 貼片 無痕貼片掛勾 置物架貼片 免釘 免打孔 透明貼片,Negative,4
台灣24H出貨最低價 子母扣 掛勾 無痕貼 掛勾貼片 卡扣 貼片 無痕貼片掛勾 置物架貼片 免釘 免打孔 透明貼片,Positive,2
台灣24H出貨買11折1精油 香氛精油 水溶性精油 香薰精油 薰香精油 水氧機精油 擴香石精油 芳香精油 薰衣草精油,Positive,4
台灣24H出貨買11折1精油 香氛精油 水溶性精油 香薰精油 薰香精油 水氧機精油 擴香石精油 芳香精油 薰衣草精油,Negative,2
台灣TOP1無痕跡掛勾實用免打洞掛鉤 子母掛鉤 強力掛勾 不留痕掛勾 掛勾 超強無釘 置物架 掛勾 無痕置物架貼片,Negative,6
台灣免運 SGS檢驗合格玻璃杯 雙層玻璃杯 耐熱玻璃 玻璃水杯 咖啡杯 隔熱杯 雙層杯 防燙杯 杯子 馬克杯 蛋形杯,Negative,5
台灣免運 SGS檢驗合格玻璃杯 雙層玻璃杯 耐熱玻璃 玻璃水杯 咖啡杯 隔熱杯 雙層杯 防燙杯 杯子 馬克杯 蛋形杯,Positive,1
台灣公司貨 公仔展示盒 公仔收納盒 盲盒收納 公仔盒 泡泡瑪特 盲盒展示盒 公仔展示櫃 展示櫃 展示盒 壓克力展示盒,Negative,5
台灣公司貨 公仔展示盒 公仔收納盒 盲盒收納 公仔盒 泡泡瑪特 盲盒展示盒 公仔展示櫃 展示櫃 展示盒 壓克力展示盒,Positive,1
台灣出貨 星空衛士集毛刷 靜電集毛刷 獨家靜電黑科技除毛力 靜電除毛刷 靜電除塵 除毛 除毛刷 衣物除塵刷 除塵刷 除塵,Positive,4
台灣出貨 星空衛士集毛刷 靜電集毛刷 獨家靜電黑科技除毛力 靜電除毛刷 靜電除塵 除毛 除毛刷 衣物除塵刷 除塵刷 除塵,Negative,2
台灣出貨 現貨+電子發票可重覆使用 專利加厚款 太力正品 免抽氣按壓式真空壓縮袋  衣服棉被收納袋 壓縮袋 寶來小舖,Negative,5
台灣出貨 現貨+電子發票可重覆使用 專利加厚款 太力正品 免抽氣按壓式真空壓縮袋  衣服棉被收納袋 壓縮袋 寶來小舖,Positive,1
台灣出貨太陽能感應燈 太陽能樓梯燈 庭園燈 台階燈 太陽能燈 led樓梯燈 欄桿燈 階梯燈 陽檯燈 戶外庭園燈 草坪燈,Negative,4
台灣出貨太陽能感應燈 太陽能樓梯燈 庭園燈 台階燈 太陽能燈 led樓梯燈 欄桿燈 階梯燈 陽檯燈 戶外庭園燈 草坪燈,Positive,2
台灣出貨鋼筆式毛筆 毛筆 抄經筆 軟頭筆 書法鋼筆 軟毛筆 書法 練字 小楷筆 墨筆,Positive,5
台灣出貨鋼筆式毛筆 毛筆 抄經筆 軟頭筆 書法鋼筆 軟毛筆 書法 練字 小楷筆 墨筆,Negative,1
台灣出貨門縫密封條 門縫 密封條 門窗密封條 窗戶隔音 門縫貼 窗密封條 窗戶密封條,Positive,4
台灣出貨門縫密封條 門縫 密封條 門窗密封條 窗戶隔音 門縫貼 窗密封條 窗戶密封條,Negative,2
台灣快速出貨現貨 白色多款 破壞袋 不透光黑色白色PE快遞袋網拍包裝袋 寄件袋便利袋 網拍必備,Negative,5
台灣快速出貨現貨 白色多款 破壞袋 不透光黑色白色PE快遞袋網拍包裝袋 寄件袋便利袋 網拍必備,Positive,1
台灣授權經銷商 免抽氣 真空壓縮袋 CP哥立體真空袋 收納袋 真空袋 真空壓縮收納袋 衣物收納袋 壓縮袋 棉被收納袋,Negative,6
台灣現貨  免運 附發票 透明鞋盒 磁吸 側開 加厚款 硬盒 球鞋收納 穩固疊加 鞋盒,Negative,5
台灣現貨  免運 附發票 透明鞋盒 磁吸 側開 加厚款 硬盒 球鞋收納 穩固疊加 鞋盒,Positive,1
台灣現貨 5吋電鑽洗車配件 打蠟海綿 拋光海綿 打蠟電鑽 打蠟拋光 打蠟機 打蠟盤 砂紙 電鑽打蠟機 打蠟羊毛 羊毛球,Negative,4
台灣現貨 5吋電鑽洗車配件 打蠟海綿 拋光海綿 打蠟電鑽 打蠟拋光 打蠟機 打蠟盤 砂紙 電鑽打蠟機 打蠟羊毛 羊毛球,Positive,2
台灣現貨 全站最殺價格 口罩 醫療口罩 宏瑋醫材口罩 50入 一盒 Kogi 莫蘭迪色 雙鋼印 醫用口罩 平面口罩,Negative,4
台灣現貨 全站最殺價格 口罩 醫療口罩 宏瑋醫材口罩 50入 一盒 Kogi 莫蘭迪色 雙鋼印 醫用口罩 平面口罩,Positive,2
台灣現貨 順易利 幼幼立體口罩 鬆緊耳繩 3D立體 幼幼 幼童 醫療口罩  台灣製造 防疫口罩 3D 醫用口罩 可愛口罩,Positive,4
台灣現貨 順易利 幼幼立體口罩 鬆緊耳繩 3D立體 幼幼 幼童 醫療口罩  台灣製造 防疫口罩 3D 醫用口罩 可愛口罩,Negative,2
台灣現貨 香氛機 薰香機 香薰機 精油機 擴香機 精油薰香機 除臭 廁所芳香 無水香氛機 芳香機 生日禮物,Positive,4
台灣現貨 香氛機 薰香機 香薰機 精油機 擴香機 精油薰香機 除臭 廁所芳香 無水香氛機 芳香機 生日禮物,Negative,2
台灣現貨(贈送36吋數字氣球/串燈) 氣球派對 打氣筒 生日氣球 生日派對 氣球 生日佈置 求婚 告白 慶生 情人節,Positive,3
台灣現貨(贈送36吋數字氣球/串燈) 氣球派對 打氣筒 生日氣球 生日派對 氣球 生日佈置 求婚 告白 慶生 情人節,Negative,3
台灣現貨+保固高配 led磁吸感應燈 人體感應燈 USB充電式感應燈 小夜燈 LED感應燈 照明燈露營燈衣櫥燈衣櫃燈,Negative,4
台灣現貨+保固高配 led磁吸感應燈 人體感應燈 USB充電式感應燈 小夜燈 LED感應燈 照明燈露營燈衣櫥燈衣櫃燈,Positive,2
台灣現貨+免運費環保購物袋 環保袋 環保提袋 環保購物袋 折疊購物袋 購物袋 牛津布 小禮物 大容量 易收納 購物袋,Negative,6
台灣現貨Bedclu☆素色水洗棉床包四件組☆柔軟舒適 裸睡親膚 單人床罩三件組 標準加大雙人床單被套組  刺綉純色,Negative,5
台灣現貨Bedclu☆素色水洗棉床包四件組☆柔軟舒適 裸睡親膚 單人床罩三件組 標準加大雙人床單被套組  刺綉純色,Positive,1
台灣現貨易碎貼紙/易碎標籤貼紙/易碎貼/網拍易碎貼紙/防摔貼紙/包裹貼紙玻璃易碎貼網拍貼紙警示貼易碎品貼紙,Negative,5
台灣現貨易碎貼紙/易碎標籤貼紙/易碎貼/網拍易碎貼紙/防摔貼紙/包裹貼紙玻璃易碎貼網拍貼紙警示貼易碎品貼紙,Positive,1
台灣現貨納米雙面膠 納米泡泡膠 奈米膠泡泡 吹泡泡納米膠 納米膠捏捏 納米泡泡球 奈米雙面膠 無痕雙面膠 雙面膠,Negative,5
台灣現貨納米雙面膠 納米泡泡膠 奈米膠泡泡 吹泡泡納米膠 納米膠捏捏 納米泡泡球 奈米雙面膠 無痕雙面膠 雙面膠,Positive,1
台灣當天寄 益生菌牙膏 牙膏 海鹽薄荷味亮白牙齒 牙膏益生菌 牙周護理 薄荷牙膏 海鹽牙膏 亮白牙膏 按壓式牙膏,Positive,3
台灣當天寄 益生菌牙膏 牙膏 海鹽薄荷味亮白牙齒 牙膏益生菌 牙周護理 薄荷牙膏 海鹽牙膏 亮白牙膏 按壓式牙膏,Negative,3
台灣秒發買10送1香氛精油 水溶性精油 精油 SGS認證 薰香精油 水氧機精油 薰衣草精油 玫瑰精油 除臭芳香精油,Negative,4
台灣秒發買10送1香氛精油 水溶性精油 精油 SGS認證 薰香精油 水氧機精油 薰衣草精油 玫瑰精油 除臭芳香精油,Positive,2
台灣製  3M吸濕排汗專利處理 保潔墊枕頭套 防水枕套  枕套,Negative,5
台灣製  3M吸濕排汗專利處理 保潔墊枕頭套 防水枕套  枕套,Positive,1
品質超好 超厚底柔軟拖鞋 防水防滑拖鞋 浴室止滑拖鞋 增高拖鞋 居家無聲拖鞋 防臭拖鞋 家居拖鞋 居家生活,Negative,5
品質超好 超厚底柔軟拖鞋 防水防滑拖鞋 浴室止滑拖鞋 增高拖鞋 居家無聲拖鞋 防臭拖鞋 家居拖鞋 居家生活,Positive,1
哈哈 書套 ((傳統亮面)) 自黏式 多種尺寸可選 新課綱  課本. 作業簿 筆記本 精裝書 拼布書 教科書 漫畫,Negative,4
哈哈 書套 ((傳統亮面)) 自黏式 多種尺寸可選 新課綱  課本. 作業簿 筆記本 精裝書 拼布書 教科書 漫畫,Positive,2
售後無憂優先退貨尊貴VIP服務售後無憂優先退貨尊貴VIP服務 不會影響出貨速度（請勿撤銷哦）,Negative,6
四刃霸王鑽鎢鋼鑽頭 鎢鋼合金 磁磚鑽 玻璃鑽 瓷磚鑽 紅磚 陶瓷 鑽尾 鑽頭 四刃螺旋鑽 大理石三角鑽 陶瓷鑽 玻璃,Negative,4
四刃霸王鑽鎢鋼鑽頭 鎢鋼合金 磁磚鑽 玻璃鑽 瓷磚鑽 紅磚 陶瓷 鑽尾 鑽頭 四刃螺旋鑽 大理石三角鑽 陶瓷鑽 玻璃,Positive,2
大盤最低價加長型黏毛器 加長柄地板粘毛器 長柄滾刷 加長滾毛器 加長清毛器黏毛絮 除塵滾筒 加長柄黏塵紙 黏貓毛,Positive,5
大盤最低價加長型黏毛器 加長柄地板粘毛器 長柄滾刷 加長滾毛器 加長清毛器黏毛絮 除塵滾筒 加長柄黏塵紙 黏貓毛,Negative,1
夾鏈袋 透明夾鏈袋 0號~12號 7號 10號夾鏈袋 PE 大夾鏈袋 小夾鏈袋 零件袋 飾品袋 夾鍊袋 收藏袋 零錢袋,Positive,4
夾鏈袋 透明夾鏈袋 0號~12號 7號 10號夾鏈袋 PE 大夾鏈袋 小夾鏈袋 零件袋 飾品袋 夾鍊袋 收藏袋 零錢袋,Negative,2
女童內褲 內褲 台灣現貨‼️熱銷內褲 兒童類純棉三角內褲 男童 女童 隨機花色不挑款不重複女童內褲 BTS,Negative,4
女童內褲 內褲 台灣現貨‼️熱銷內褲 兒童類純棉三角內褲 男童 女童 隨機花色不挑款不重複女童內褲 BTS,Positive,2
子母扣 無痕 掛勾 掛鉤 卡扣 子母卡扣 子母貼 掛鉤貼片 掛勾貼片 免釘牆 防水 免打孔 無痕貼 收納 匯薪一笑,Positive,3
子母扣 無痕 掛勾 掛鉤 卡扣 子母卡扣 子母貼 掛鉤貼片 掛勾貼片 免釘牆 防水 免打孔 無痕貼 收納 匯薪一笑,Negative,3
宏瑋 醫療級成人口罩 莫蘭迪色系 滿版口罩 輕時尚、輕復古滿版口罩 50入/盒,Negative,6
宏瑋滿版平面醫療口罩50入台灣公司貨 現貨 蝦皮代開發票小凱生活百貨,Negative,6
客製化商品（下標前請聊聊）,Positive,5
客製化商品（下標前請聊聊）,Negative,1
室內拖鞋小麥購物C074室內鞋 拖鞋 室內拖 浴室拖鞋 居家拖鞋 鞋底加厚 防滑拖鞋 浴室拖,Negative,4
室內拖鞋小麥購物C074室內鞋 拖鞋 室內拖 浴室拖鞋 居家拖鞋 鞋底加厚 防滑拖鞋 浴室拖,Positive,2
室內擴香瓶  香氛擴香瓶  擴香棒瓶  薰香 室內香氛擴香 香氛 環境除臭 香薰瓶 芳香劑 芳香瓶MZ0066,Negative,3
室內擴香瓶  香氛擴香瓶  擴香棒瓶  薰香 室內香氛擴香 香氛 環境除臭 香薰瓶 芳香劑 芳香瓶MZ0066,Positive,3
寵粉慶最低價流體熊 鑰匙圈 暴力熊 手做材料包 手工藝 diy 流體畫顏料 交換禮物 聖誕節禮物 情侶 親子遊戲,Negative,5
寵粉慶最低價流體熊 鑰匙圈 暴力熊 手做材料包 手工藝 diy 流體畫顏料 交換禮物 聖誕節禮物 情侶 親子遊戲,Positive,1
居家拖鞋 踩屎輕盈超厚底防滑拖鞋 防水戶外可穿 防水止滑拖鞋 浴室止滑拖鞋 踩屎拖鞋 無聲拖鞋 防臭拖鞋,Negative,5
居家拖鞋 踩屎輕盈超厚底防滑拖鞋 防水戶外可穿 防水止滑拖鞋 浴室止滑拖鞋 踩屎拖鞋 無聲拖鞋 防臭拖鞋,Positive,1
強力無痕雙面膠加厚版 無痕雙面膠帶 奈米雙面膠帶 透明膠帶 壓克力膠帶 雙面膠帶 防水 膠帶  宅本舖,Negative,6
彩虹文具小舖環保書套 新課綱 課本書套 哈哈書套 自黏式 霧面止滑   作業簿書套 筆記本 教科書 漫畫 防滑書套,Positive,3
彩虹文具小舖環保書套 新課綱 課本書套 哈哈書套 自黏式 霧面止滑   作業簿書套 筆記本 教科書 漫畫 防滑書套,Negative,3
恒衛Life 蘊倡 50入 霧色 莫蘭迪 平面口罩 滿版黑耳帶 成人口罩 彩色口罩 醫療口罩 醫用口罩 挑戰台灣最低價,Negative,5
恒衛Life 蘊倡 50入 霧色 莫蘭迪 平面口罩 滿版黑耳帶 成人口罩 彩色口罩 醫療口罩 醫用口罩 挑戰台灣最低價,Positive,1
手提牛皮紙袋 牛皮紙袋 購物袋 禮品袋 紙袋 袋子 手提袋 收納袋 文具袋 禮物袋 送禮紙袋 包裝袋60174,Positive,3
手提牛皮紙袋 牛皮紙袋 購物袋 禮品袋 紙袋 袋子 手提袋 收納袋 文具袋 禮物袋 送禮紙袋 包裝袋60174,Negative,3
手提袋 購物袋 環保袋 收納袋 提袋 素色 手提 不織布袋 無紡布袋 禮品袋 包裝袋 文件袋 資料袋 廣告袋 宣傳袋,Negative,5
手提袋 購物袋 環保袋 收納袋 提袋 素色 手提 不織布袋 無紡布袋 禮品袋 包裝袋 文件袋 資料袋 廣告袋 宣傳袋,Positive,1
手機屏幕清潔濕巾片 小包便捷,Positive,3
手機屏幕清潔濕巾片 小包便捷,Negative,3
挑戰蝦皮最低價空氣清新劑 異味去除劑 噴霧 空氣淨化 抑菌除味 海洋 綠茶 水蜜桃 柑橘,Positive,3
挑戰蝦皮最低價空氣清新劑 異味去除劑 噴霧 空氣淨化 抑菌除味 海洋 綠茶 水蜜桃 柑橘,Negative,3
掛式衛生紙盒 掛式 面紙套 面紙盒 車用面紙盒 衛生紙盒 衛生紙套 皮革質感JJ0485,Negative,4
掛式衛生紙盒 掛式 面紙套 面紙盒 車用面紙盒 衛生紙盒 衛生紙套 皮革質感JJ0485,Positive,2
新品上市 立體4D醫療級口罩 大成口罩 台灣製造 魚型口罩 立體口罩 雙鋼印 KF94,Negative,3
新品上市 立體4D醫療級口罩 大成口罩 台灣製造 魚型口罩 立體口罩 雙鋼印 KF94,Positive,3
日安商行台灣現貨斑馬 ZEBRA WKT7 2022新10色 雙頭螢光筆 柔和色系螢光筆套裝 做筆記畫重點手帳塗鴉,Positive,4
日安商行台灣現貨斑馬 ZEBRA WKT7 2022新10色 雙頭螢光筆 柔和色系螢光筆套裝 做筆記畫重點手帳塗鴉,Negative,2
日本P&G  衣物芳香豆 洗衣物芳香顆粒 香香罐 蘭諾 衣物芳香豆 香香豆 補充包,Negative,4
日本P&G  衣物芳香豆 洗衣物芳香顆粒 香香罐 蘭諾 衣物芳香豆 香香豆 補充包,Positive,2
日本正貨P&G寶僑 2022最新版4D洗衣球39入 日本洗衣球 洗衣膠球 洗衣凝膠球 洗衣 洗衣精 抗菌 消臭 淨白,Positive,4
日本正貨P&G寶僑 2022最新版4D洗衣球39入 日本洗衣球 洗衣膠球 洗衣凝膠球 洗衣 洗衣精 抗菌 消臭 淨白,Negative,2
日森工坊仿真奶油膠 50ml 32色可選 手機殼DIY 奶油膠DIY 手作材料 配件加工 手工奶油膠 奶油膠手機殼,Positive,5
日森工坊仿真奶油膠 50ml 32色可選 手機殼DIY 奶油膠DIY 手作材料 配件加工 手工奶油膠 奶油膠手機殼,Negative,1
日森工坊奶油膠配件 多款造型 台灣現貨+發票 樹脂 DIY手機殼 飾品配件 奶油膠手機 飾品裝飾 DIY手作材料,Negative,4
日森工坊奶油膠配件 多款造型 台灣現貨+發票 樹脂 DIY手機殼 飾品配件 奶油膠手機 飾品裝飾 DIY手作材料,Positive,2
智能噴香機 定時香水機 香薰機 廁所空氣清新機 高顏值擴香機 精油機 香氛機 芳香機 芳香噴霧機 火焰香薰機,Negative,3
智能噴香機 定時香水機 香薰機 廁所空氣清新機 高顏值擴香機 精油機 香氛機 芳香機 芳香噴霧機 火焰香薰機,Positive,3
曼德旺水龍頭轉接頭 贈墊片加長轉接頭 多型號內外牙轉22 內外牙轉4分粗 過濾 螺紋轉接頭 金屬轉接頭 螺牙接頭,Negative,3
曼德旺水龍頭轉接頭 贈墊片加長轉接頭 多型號內外牙轉22 內外牙轉4分粗 過濾 螺紋轉接頭 金屬轉接頭 螺牙接頭,Positive,3
最低價自動噴香機 定時香水機 辦公室香薰機 廁所空氣清新機 臥室擴香機 精油機 香氛機 芳香噴霧 自動芳香噴霧機,Negative,4
最低價自動噴香機 定時香水機 辦公室香薰機 廁所空氣清新機 臥室擴香機 精油機 香氛機 芳香噴霧 自動芳香噴霧機,Positive,2
最低價選我  加厚款 高彈力麵包拖鞋 5.0厚底拖鞋 踩屎感拖鞋 室內拖鞋  防水 止滑 耐磨 EVA輕量 居家拖鞋,Negative,5
最低價選我  加厚款 高彈力麵包拖鞋 5.0厚底拖鞋 踩屎感拖鞋 室內拖鞋  防水 止滑 耐磨 EVA輕量 居家拖鞋,Positive,1
最低價高彈力麵包拖鞋 踩屎感拖鞋 厚底拖鞋 止滑防滑輕量拖 增高拖鞋 居家拖鞋 浴室拖鞋 室內拖鞋 防滑拖 軟底拖鞋,Negative,4
最低價高彈力麵包拖鞋 踩屎感拖鞋 厚底拖鞋 止滑防滑輕量拖 增高拖鞋 居家拖鞋 浴室拖鞋 室內拖鞋 防滑拖 軟底拖鞋,Positive,2
木紋修補漆 家具修補膏 修補翻新 補漆 補漆筆 傢具美容膠 傢俱修護漆 刮痕修復膠 木紋漆 五金 ⭐星星小舖⭐,Negative,6
樂自購日本超好用 KAO 濃縮洗碗精  240ml  多款香味現貨 出貨附發票 洗碗必備,Positive,4
樂自購日本超好用 KAO 濃縮洗碗精  240ml  多款香味現貨 出貨附發票 洗碗必備,Negative,2
標記老客戶＋贈回購折價券 下單後聯絡客服領取 安心下標不會影響商品出貨速度,Negative,3
標記老客戶＋贈回購折價券 下單後聯絡客服領取 安心下標不會影響商品出貨速度,Positive,3
歡慶周年60顆只要10元 49色 封蠟 火漆 封口蠟  蠟粒 8角（一入）火漆章蠟粒 封蠟蠟粒 火漆蠟粒,Positive,4
歡慶周年60顆只要10元 49色 封蠟 火漆 封口蠟  蠟粒 8角（一入）火漆章蠟粒 封蠟蠟粒 火漆蠟粒,Negative,2
泥炭介質土 花卉種植土 培養土 泥炭土 花卉栽培土 草花種植土 觀葉介質 種菜土 泥碳土 酸性泥炭,Negative,4
泥炭介質土 花卉種植土 培養土 泥炭土 花卉栽培土 草花種植土 觀葉介質 種菜土 泥碳土 酸性泥炭,Positive,2
淨新 平面口罩 一盒50入 醫療級 雙鋼印 醫療口罩 台灣製 醫用口罩 口罩 成人口罩 幼幼口罩 兒童口罩 熊超人,Negative,4
淨新 平面口罩 一盒50入 醫療級 雙鋼印 醫療口罩 台灣製 醫用口罩 口罩 成人口罩 幼幼口罩 兒童口罩 熊超人,Positive,2
淨新3D細耳一般、加大 成人超立體口罩 3D立體口罩 細耳 50入/盒 醫用口罩 台灣製 成人口罩 超立體 耳帶式,Negative,5
淨新3D細耳一般、加大 成人超立體口罩 3D立體口罩 細耳 50入/盒 醫用口罩 台灣製 成人口罩 超立體 耳帶式,Positive,1
滿額贈！！貨運險 路損包賠包退換！售後無憂 大大水水們放心購！,Negative,5
滿額贈！！貨運險 路損包賠包退換！售後無憂 大大水水們放心購！,Positive,1
無印新款按壓筆 [好感生活推薦] 品項： MUJI無印良品 自由換芯按壓滑順膠墨筆系列 0.5　無印 文具 筆 原子筆,Positive,4
無印新款按壓筆 [好感生活推薦] 品項： MUJI無印良品 自由換芯按壓滑順膠墨筆系列 0.5　無印 文具 筆 原子筆,Negative,2
無印風 塑膠籃 收納盒 置物盒 收納籃 廚房收納 浴室收納 桌上收納 居家生活 收納部屋,Negative,4
無印風 塑膠籃 收納盒 置物盒 收納籃 廚房收納 浴室收納 桌上收納 居家生活 收納部屋,Positive,2
無印風 磨砂收納盒 置物盒 化妝盒 收納盒 桌上收納 化妝品收納 小物收納 收納 居家生活 收納部屋,Negative,5
無印風 磨砂收納盒 置物盒 化妝盒 收納盒 桌上收納 化妝品收納 小物收納 收納 居家生活 收納部屋,Positive,1
無印風 網紗筆袋 鉛筆盒 筆袋 鉛筆袋 文具 筆袋 尼龍網眼筆袋 鉛筆盒 尼龍材質 網紗筆袋WJ0100,Negative,5
無印風 網紗筆袋 鉛筆盒 筆袋 鉛筆袋 文具 筆袋 尼龍網眼筆袋 鉛筆盒 尼龍材質 網紗筆袋WJ0100,Positive,1
牙間刷 軟式牙間刷 牙縫刷 齒間刷 柔軟 矽膠 外銷品質 FDA 認證阿嬤賣 AMA Sell促銷,Negative,4
牙間刷 軟式牙間刷 牙縫刷 齒間刷 柔軟 矽膠 外銷品質 FDA 認證阿嬤賣 AMA Sell促銷,Positive,2
現貨 日本大和防螨抗菌 枕頭/3m吸濕排汗枕/緹花枕頭/民宿枕頭/飯店枕頭/羽絲絨枕/雙面防水枕套保潔墊/床包/床單,Negative,5
現貨 日本大和防螨抗菌 枕頭/3m吸濕排汗枕/緹花枕頭/民宿枕頭/飯店枕頭/羽絲絨枕/雙面防水枕套保潔墊/床包/床單,Positive,1
現貨 買數字送絲帶奶油 焦糖數字氣球32/40吋數字 收涎 森林系 週歲 生日佈置 派對 愛心氣球 數字氣球 氣球,Negative,4
現貨 買數字送絲帶奶油 焦糖數字氣球32/40吋數字 收涎 森林系 週歲 生日佈置 派對 愛心氣球 數字氣球 氣球,Positive,2
現貨!!2022最新款日本P&G 4D洗衣球 洗衣膠球 39/46入袋裝 碳酸機能,Negative,5
現貨!!2022最新款日本P&G 4D洗衣球 洗衣膠球 39/46入袋裝 碳酸機能,Positive,1
現貨免運發票 破壞袋 超厚12絲 霧面磨砂 包材 便利袋 粉色 奶茶色 快遞袋 物流袋 提袋 包裝袋 印LOGO,Negative,5
現貨免運發票 破壞袋 超厚12絲 霧面磨砂 包材 便利袋 粉色 奶茶色 快遞袋 物流袋 提袋 包裝袋 印LOGO,Positive,1
現貨免運發票超厚氣泡袋 防震氣泡袋 防水 防摔 包裝材料 服飾包裝袋 寄貨袋 防撞袋 牛皮紙 包材  印LOGO,Negative,5
現貨免運發票超厚氣泡袋 防震氣泡袋 防水 防摔 包裝材料 服飾包裝袋 寄貨袋 防撞袋 牛皮紙 包材  印LOGO,Positive,1
現貨商品台灣賣家 書套 自黏書套 包膜 包膜書套 書本包膜 學生書套 包書膜 書膜 保護課本 透明書套 新課綱書套,Negative,4
現貨商品台灣賣家 書套 自黏書套 包膜 包膜書套 書本包膜 學生書套 包書膜 書膜 保護課本 透明書套 新課綱書套,Positive,2
現貨宏瑋台灣醫療口罩兒童醫療口罩平面一盒50入,Negative,4
現貨宏瑋台灣醫療口罩兒童醫療口罩平面一盒50入,no data,1
現貨宏瑋台灣醫療口罩兒童醫療口罩平面一盒50入,Positive,1
現貨正品 免運費- 小樹香片 Little Trees小樹香氛片 公司貨 芳香吊飾 車用芳香,Negative,4
現貨正品 免運費- 小樹香片 Little Trees小樹香氛片 公司貨 芳香吊飾 車用芳香,Positive,2
現貨特惠一盒$179 30入可批發 快速出貨 辰昱郡昱3D不脫妝口罩 加大版型 成人醫療口罩 3D口罩立體口罩,Negative,5
現貨特惠一盒$179 30入可批發 快速出貨 辰昱郡昱3D不脫妝口罩 加大版型 成人醫療口罩 3D口罩立體口罩,Positive,1
現貨當天寄(送點膠)40吋 奶油色 / 焦糖色 數字氣球派對氣球 生日氣球  鋁箔氣球 生日佈置 慶生派對 愛心氣球,Negative,4
現貨當天寄(送點膠)40吋 奶油色 / 焦糖色 數字氣球派對氣球 生日氣球  鋁箔氣球 生日佈置 慶生派對 愛心氣球,Positive,2
現貨秋冬厚底毛毛拖鞋 毛絨厚底拖鞋 4.5CM厚底 超好搭韓版毛毛拖鞋 毛絨絨拖鞋 拖鞋 室內鞋 加厚 毛絨鞋,Negative,4
現貨秋冬厚底毛毛拖鞋 毛絨厚底拖鞋 4.5CM厚底 超好搭韓版毛毛拖鞋 毛絨絨拖鞋 拖鞋 室內鞋 加厚 毛絨鞋,Positive,2
現貨秒出 破損包賠 高硼矽耐熱玻璃盒玻璃保鮮盒 密封保鮮盒 便當盒 耐熱玻璃便當盒 分隔便當盒 密封盒 分隔便當盒,Negative,6
現貨買5送1磁鐵 強力磁鐵 磁鐵掛勾 磁鐵掛鉤 強力磁鐵掛勾 強力磁鐵掛鉤 強力磁鐵掛勾組 釹鐵硼強力磁鐵 露營掛勾,Negative,5
現貨買5送1磁鐵 強力磁鐵 磁鐵掛勾 磁鐵掛鉤 強力磁鐵掛勾 強力磁鐵掛鉤 強力磁鐵掛勾組 釹鐵硼強力磁鐵 露營掛勾,Positive,1
現貨速出吸管防塵套 SGS 吸管套 造型吸管帽 冰壩杯 防塵套 吸管塞 良杯 環保吸管 玻璃吸管 不鏽鋼吸管 矽膠,Negative,6
現貨雙面膠 無痕網格雙面膠 雙面膠帶 透明膠帶 無痕雙面膠 無痕膠帶 網格雙面膠 強力雙面膠 超黏雙面膠 膠帶,Negative,6
現貨馬桶小花芳香凝膠 馬桶芳香凝膠 馬桶潔廁凝膠 清潔污垢 馬桶芳香劑廁所清潔 馬桶除臭凝膠,Negative,4
現貨馬桶小花芳香凝膠 馬桶芳香凝膠 馬桶潔廁凝膠 清潔污垢 馬桶芳香劑廁所清潔 馬桶除臭凝膠,Positive,2
現貨｜MissMix 3D立體 醫用口罩 兒童 幼幼 獨家設計款 台灣製造 雙鋼印 面膜級親膚層 批發零售 蒂爾企業社,Negative,5
現貨｜MissMix 3D立體 醫用口罩 兒童 幼幼 獨家設計款 台灣製造 雙鋼印 面膜級親膚層 批發零售 蒂爾企業社,Positive,1
生活市集台灣現貨 簡約三色 硅藻土杯墊 硅藻土洗漱墊 硅藻土皂墊 杯墊 吸水 瑰藻土 硅藻 浴室 珪藻土除濕,Negative,5
生活市集台灣現貨 簡約三色 硅藻土杯墊 硅藻土洗漱墊 硅藻土皂墊 杯墊 吸水 瑰藻土 硅藻 浴室 珪藻土除濕,Positive,1
療癒香氛｜無火香薰 韓國小黑瓶贈擴香棒&流蘇裝飾擴香瓶 香氛瓶 室內擴香瓶 香氛擴香瓶 薰香 香氛 室內 擴香,Positive,4
療癒香氛｜無火香薰 韓國小黑瓶贈擴香棒&流蘇裝飾擴香瓶 香氛瓶 室內擴香瓶 香氛擴香瓶 薰香 香氛 室內 擴香,Negative,2
發票現貨-發泡煉石-SGS重金屬檢驗合格（多粒徑） 鋪底 缽底石 陶粒 水耕  多肉土介質綠色山嵐,Negative,3
發票現貨-發泡煉石-SGS重金屬檢驗合格（多粒徑） 鋪底 缽底石 陶粒 水耕  多肉土介質綠色山嵐,Positive,3
白色工廠(台灣出貨)太空鋁收納專家 浴室置物架 浴室收納架 無痕貼置物架 無痕貼收納架 三角收納架  四方架,Negative,6
破壞袋 100 入 便利袋 破壞袋 包裝袋 快遞袋 出貨袋 交貨便寄件專用袋 寄貨袋 寄件袋 網拍網拍袋 包裹袋 自黏袋,Negative,5
破壞袋 100 入 便利袋 破壞袋 包裝袋 快遞袋 出貨袋 交貨便寄件專用袋 寄貨袋 寄件袋 網拍網拍袋 包裹袋 自黏袋,Positive,1
破壞袋 最便宜台灣製 工廠直營 快遞袋 高品質 超高CP值 包貨好幫手 客製化 網拍專用 寄貨 寄件,Negative,6
破損補發 售後保證 優先出貨下單請不要刪除u0hxmii3vn,Positive,4
破損補發 售後保證 優先出貨下單請不要刪除u0hxmii3vn,Negative,2
簡約收納籃 小麥購物C258收納 收納籃 收納盒  置物籃 簡約收納盒 置物盒 北歐風 日式收納籃 置物箱,Negative,6
精臣『D11/D110/D101/H1S』精臣原廠貼紙 熱銷款 精臣標籤 姓名貼 熱敏標籤 彩色標籤 標籤紙 標籤貼紙,Negative,6
純色收納盒 無印風 分格收納盒 日式收納盒 收納箱 可疊加 收納盒 收納籃 收納 居家生活 收納部屋,Negative,5
純色收納盒 無印風 分格收納盒 日式收納盒 收納箱 可疊加 收納盒 收納籃 收納 居家生活 收納部屋,Positive,1
耐看女孩可開統編 小麻薯 拇指姑娘 分裝和紙膠帶 特油和紙膠帶 手帳素材,Negative,3
耐看女孩可開統編 小麻薯 拇指姑娘 分裝和紙膠帶 特油和紙膠帶 手帳素材,Positive,3
自帶背膠家用自粘皮革貼補沙發皮修補皮革翻新硬軟包修復貼汽車內飾修補丁 自粘皮革皮沙發修補貼 皮革補丁貼 皮革修復修補貼,Negative,5
自帶背膠家用自粘皮革貼補沙發皮修補皮革翻新硬軟包修復貼汽車內飾修補丁 自粘皮革皮沙發修補貼 皮革補丁貼 皮革修復修補貼,Positive,1
興安3D立體醫用口罩 幼幼/中童/兒童立體細繩,Negative,4
興安3D立體醫用口罩 幼幼/中童/兒童立體細繩,Positive,2
興安醫用口罩 成人3D立體醫用口罩 扁繩 50入/盒,Positive,3
興安醫用口罩 成人3D立體醫用口罩 扁繩 50入/盒,Negative,3
莫蘭迪色系50入盒裝下殺79台灣醫療 莫蘭迪色系 雙鋼印 醫療防護口罩  透氣口罩 醫療口罩 台灣製醫用口罩,Negative,4
莫蘭迪色系50入盒裝下殺79台灣醫療 莫蘭迪色系 雙鋼印 醫療防護口罩  透氣口罩 醫療口罩 台灣製醫用口罩,Positive,2
華淨醫用口罩-4D立體醫療口罩-成人用/兒童用 (25片/盒)台灣製,Negative,6
萬向輪 萬向活動腳輪鐵架轉向輪 耐重帶煞車 活動轉向輪 推車輪子 推車輪 折疊推車 手推車折疊 行李箱輪子 飛機,Positive,4
萬向輪 萬向活動腳輪鐵架轉向輪 耐重帶煞車 活動轉向輪 推車輪子 推車輪 折疊推車 手推車折疊 行李箱輪子 飛機,Negative,2
蘋果樹藥局  現貨在店CSD中衛醫療口罩 成人平面 醫療用口罩 第一級 盒裝50入,Negative,4
蘋果樹藥局  現貨在店CSD中衛醫療口罩 成人平面 醫療用口罩 第一級 盒裝50入,Positive,2
覓鹿 奶油膠配件 DIY手機殼美容奶油膠 30色防凍50ml 手工diy材料 仿真奶油膠,Positive,4
覓鹿 奶油膠配件 DIY手機殼美容奶油膠 30色防凍50ml 手工diy材料 仿真奶油膠,Negative,2
請勿刪除 超級好售後 鑒賞期 破損補寄 補差價 補運費 加購 客製專區,Positive,4
請勿刪除 超級好售後 鑒賞期 破損補寄 補差價 補運費 加購 客製專區,Negative,2
請勿刪除否則會影響出貨，滿額即贈送保護套一個{隨機發放},Negative,3
請勿刪除否則會影響出貨，滿額即贈送保護套一個{隨機發放},Positive,3
賣破10萬雙 除臭UP ️拖鞋 超彈力簡約防臭拖鞋 柔軟舒壓 無聲超靜音 超軟Q 室內拖鞋 家居拖鞋 室內拖鞋,Negative,4
賣破10萬雙 除臭UP ️拖鞋 超彈力簡約防臭拖鞋 柔軟舒壓 無聲超靜音 超軟Q 室內拖鞋 家居拖鞋 室內拖鞋,Positive,2
超低價寵物地墊 加厚寵物拼接地墊 寵物防滑地墊 免膠地墊 可裁剪地墊 止滑地墊 無黏膠地墊 防滑墊 居家地墊 貓地墊,Negative,5
超低價寵物地墊 加厚寵物拼接地墊 寵物防滑地墊 免膠地墊 可裁剪地墊 止滑地墊 無黏膠地墊 防滑墊 居家地墊 貓地墊,Positive,1
超厚底托鞋室內拖鞋 浴室拖鞋 防滑拖鞋 KS14 防水拖鞋 超耐磨 踩屎拖鞋 情侶拖鞋 麵包拖鞋 增高拖鞋B,Negative,6
超厚底柔軟拖鞋 防水防滑拖鞋 厚底拖鞋 浴室防水拖鞋 防滑拖鞋 浴室拖鞋 EVA拖鞋 地板拖鞋 室內拖黃小鴨生活百貨,Negative,6
超吸水開纖擦拭抹布 加厚抹布 吸水抹布 30x30cm 40x40cm  纖維抹布 抹布  廚房抹布 居家擦拭巾,Positive,4
超吸水開纖擦拭抹布 加厚抹布 吸水抹布 30x30cm 40x40cm  纖維抹布 抹布  廚房抹布 居家擦拭巾,Negative,2
超商免運合格檢驗 莫蘭迪口罩50片 口罩 拋棄式口罩 成人口罩 一次性口罩 平面口罩 熔噴布口罩 黑色口罩 口罩,Negative,5
超商免運合格檢驗 莫蘭迪口罩50片 口罩 拋棄式口罩 成人口罩 一次性口罩 平面口罩 熔噴布口罩 黑色口罩 口罩,Positive,1
超立體/淨新成人立體口罩/三層/鼻梁有壓條,Negative,4
超立體/淨新成人立體口罩/三層/鼻梁有壓條,Positive,2
透明抽屜防塵收納櫃 收納盒 收納箱 抽屜 收納櫃 收納 抽屜收納櫃 防塵 防水 收納箱 星昕嚴選,Negative,5
透明抽屜防塵收納櫃 收納盒 收納箱 抽屜 收納櫃 收納 抽屜收納櫃 防塵 防水 收納箱 星昕嚴選,Positive,1
開發票台灣免運現貨超多款強力な磁石香氛扣可用 釹鐵硼強磁 圓型 超強力磁鐵 迷你磁鐵 磁鐵掛勾 掛鉤 磁力 磁性,Negative,4
開發票台灣免運現貨超多款強力な磁石香氛扣可用 釹鐵硼強磁 圓型 超強力磁鐵 迷你磁鐵 磁鐵掛勾 掛鉤 磁力 磁性,Positive,2
防滑超軟Q平底拖鞋 靜音拖鞋 防滑拖鞋 居家拖鞋 室內拖鞋 日式拖鞋 防臭拖鞋 軟拖鞋 黑色拖鞋 和風拖鞋 簡約拖鞋,Negative,4
防滑超軟Q平底拖鞋 靜音拖鞋 防滑拖鞋 居家拖鞋 室內拖鞋 日式拖鞋 防臭拖鞋 軟拖鞋 黑色拖鞋 和風拖鞋 簡約拖鞋,Positive,2
防貓抓沙發套台灣現貨BettyBED加厚款 玉米絨針織沙發套 送壓條 送抱枕套,Negative,5
防貓抓沙發套台灣現貨BettyBED加厚款 玉米絨針織沙發套 送壓條 送抱枕套,Positive,1
附發票 台灣製醫療 韓版KF94  醫療口罩 淨新口罩 醫用口罩 淨新醫療口罩 立體口罩 4D口罩 船型口罩 魚型口罩,Negative,5
附發票 台灣製醫療 韓版KF94  醫療口罩 淨新口罩 醫用口罩 淨新醫療口罩 立體口罩 4D口罩 船型口罩 魚型口罩,Positive,1
附發票 現貨 淨新兒童立體口罩 淨新口罩  口罩台灣製/兒童立體口罩/兒童口罩,Negative,3
附發票 現貨 淨新兒童立體口罩 淨新口罩  口罩台灣製/兒童立體口罩/兒童口罩,Positive,3
陳家承諾：運損-包賠售後-無憂您放心購買,Positive,3
陳家承諾：運損-包賠售後-無憂您放心購買,Negative,3
雙面免釘膠帶 雙面膠 強力膠 壓克力膠帶 萬能雙面膠 免釘貼 強力膠帶 壓克力 雙面膠 不傷牆面BC0008,Negative,6
電子售後服務卡 售後服務卡 售後質量保證 拆包不錄影不處理售後,Negative,3
電子售後服務卡 售後服務卡 售後質量保證 拆包不錄影不處理售後,Positive,3
韓國製造 多層設計 舌苔清潔器 oracle 舌苔刷 韓國 刷舌苔 兒童 刮舌器 刮舌苔神器 舌苔 舌頭清潔刷 潔舌器,Positive,5
韓國製造 多層設計 舌苔清潔器 oracle 舌苔刷 韓國 刷舌苔 兒童 刮舌器 刮舌苔神器 舌苔 舌頭清潔刷 潔舌器,Negative,1
韓版kf94 魚型口罩 四層含熔噴布  魚嘴柳葉折疊口罩 四層口罩 KF94口罩 立體口罩 韓國口罩10只/包 批發零售,Negative,6
順易利兒童立體醫療口罩 台灣製 親子款口罩 兒童寬耳帶 嘉呈商行 Chia cheng,Negative,5
順易利兒童立體醫療口罩 台灣製 親子款口罩 兒童寬耳帶 嘉呈商行 Chia cheng,Positive,1
首飾收納袋 厚50絲收納袋 密封袋 飾品收納 抗氧化 PVC收納袋 夾鏈袋 加厚夾鏈袋 珠寶袋 佛珠袋 飾品收納,Negative,5
首飾收納袋 厚50絲收納袋 密封袋 飾品收納 抗氧化 PVC收納袋 夾鏈袋 加厚夾鏈袋 珠寶袋 佛珠袋 飾品收納,Positive,1
香氛首選台灣公司貨免運費香薰蠟燭 香芬蠟燭 芳香蠟燭 薰香蠟燭 大豆蠟燭 擴香蠟燭 精油蠟燭 情人節 香氛蠟燭,Negative,5
香氛首選台灣公司貨免運費香薰蠟燭 香芬蠟燭 芳香蠟燭 薰香蠟燭 大豆蠟燭 擴香蠟燭 精油蠟燭 情人節 香氛蠟燭,Positive,1
麻糬厚底拖鞋踩屎感拖鞋 踩屎拖鞋 拖鞋 室內拖鞋 可愛拖鞋 eva拖鞋 地板拖鞋 家用拖鞋 軟拖鞋 休閒拖鞋,Negative,4
麻糬厚底拖鞋踩屎感拖鞋 踩屎拖鞋 拖鞋 室內拖鞋 可愛拖鞋 eva拖鞋 地板拖鞋 家用拖鞋 軟拖鞋 休閒拖鞋,Positive,2
黏毛器 黏塵紙 除毛器 除塵紙 斜撕小麥購物24H出貨 補充包 滾毛器 除塵滾筒 黏毛 除塵 除毛Y051,Negative,4
黏毛器 黏塵紙 除毛器 除塵紙 斜撕小麥購物24H出貨 補充包 滾毛器 除塵滾筒 黏毛 除塵 除毛Y051,Positive,2
